<?xml version='1.0' encoding='utf-8'?>

	<!-- This File Contains the Entity Configuration -->
<Model>

	
	
	<GroundObject path="/models/ground/" soundpath="/sounds/">
	
		<!-- essential objects. DO NOT REMOVE -->
		<Sky filename="sky" culling="true" spawnable="false"> </Sky>
		<Box filename="box" culling="true" spawnable="true"> </Box>
		<Sphere filename="sphere-low" culling="true" spawnable="true"> </Sphere>
		<Planet filename="planet" culling="true" spawnable="true"> </Planet>
		<Atmosphere filename="atmosphere" culling="true" spawnable="true"> </Atmosphere>
		<Konata filename="konata" culling="true" spawnable="true"> </Konata>
		<Asteroid filename="asteroid" culling="true" spawnable="true"> </Asteroid>
		<ExaustPlum filename="exaustplum" culling="true" spawnable="true"> </ExaustPlum>
		<SimpleBeam filename="simplebeam" culling="true" spawnable="true"> </SimpleBeam>
		<Arrow filename="arrow" culling="true" spawnable="true"> </Arrow>
		<BlackHole filename="blackhole" culling="true" spawnable="true"> </BlackHole>
		
		<!-- user objects -->

	</GroundObject>
	
	<Building path="/models/buildings/" soundpath="/sounds/">
		
	</Building>
	
	<Character>
		
	</Character>
</Model>