<mesh>
    <submeshes>
        <submesh material="01-Default" usesharedvertices="false" use32bitindexes="false" operationtype="triangle_list">
            <faces count="16">
                <face v1="0" v2="1" v3="2" />
                <face v1="3" v2="4" v3="5" />
                <face v1="6" v2="7" v3="8" />
                <face v1="9" v2="10" v3="11" />
                <face v1="12" v2="13" v3="14" />
                <face v1="15" v2="16" v3="17" />
                <face v1="18" v2="19" v3="20" />
                <face v1="21" v2="22" v3="23" />
                <face v1="24" v2="25" v3="26" />
                <face v1="27" v2="28" v3="29" />
                <face v1="30" v2="31" v3="32" />
                <face v1="33" v2="34" v3="35" />
                <face v1="36" v2="37" v3="38" />
                <face v1="39" v2="40" v3="41" />
                <face v1="42" v2="43" v3="44" />
                <face v1="45" v2="46" v3="47" />
            </faces>
            <geometry vertexcount="48">
                <vertexbuffer positions="true" normals="true" texture_coord_dimensions_0="2" texture_coords="1">
                    <vertex>
                        <position x="-0.5" y="-0.5" z="0" />
                        <normal x="0" y="0" z="-1" />
                        <texcoord u="1.0045" v="0.99324" />
                    </vertex>
                    <vertex>
                        <position x="0" y="0.5" z="0" />
                        <normal x="0" y="0" z="-1" />
                        <texcoord u="0.538053" v="0.018731" />
                    </vertex>
                    <vertex>
                        <position x="0.5" y="-0.5" z="0" />
                        <normal x="0" y="0" z="-1" />
                        <texcoord u="0.0153736" v="0.993327" />
                    </vertex>
                    <vertex>
                        <position x="-0.5" y="-0.5" z="0" />
                        <normal x="0" y="-1" z="2.61158e-008" />
                        <texcoord u="0.210692" v="0.898641" />
                    </vertex>
                    <vertex>
                        <position x="0.5" y="-0.5" z="0" />
                        <normal x="0" y="-1" z="2.61158e-008" />
                        <texcoord u="0.210692" v="0.948037" />
                    </vertex>
                    <vertex>
                        <position x="0.5" y="-0.5" z="3.42348" />
                        <normal x="0" y="-1" z="2.61158e-008" />
                        <texcoord u="0.379669" v="0.948037" />
                    </vertex>
                    <vertex>
                        <position x="0.5" y="-0.5" z="3.42348" />
                        <normal x="0" y="-1" z="2.61158e-008" />
                        <texcoord u="0.379669" v="0.948037" />
                    </vertex>
                    <vertex>
                        <position x="-0.5" y="-0.5" z="3.42348" />
                        <normal x="0" y="-1" z="2.61158e-008" />
                        <texcoord u="0.379669" v="0.898641" />
                    </vertex>
                    <vertex>
                        <position x="-0.5" y="-0.5" z="0" />
                        <normal x="0" y="-1" z="2.61158e-008" />
                        <texcoord u="0.210692" v="0.898641" />
                    </vertex>
                    <vertex>
                        <position x="-0.5" y="-0.5" z="3.42348" />
                        <normal x="-0.00127321" y="-0.00374183" z="-0.999992" />
                        <texcoord u="0.69569" v="0.822686" />
                    </vertex>
                    <vertex>
                        <position x="0.5" y="-0.5" z="3.42348" />
                        <normal x="0.00190981" y="-0.00232892" z="-0.999995" />
                        <texcoord u="0.577637" v="0.822686" />
                    </vertex>
                    <vertex>
                        <position x="1.37443" y="-0.893981" z="3.42607" />
                        <normal x="0.00204541" y="-0.00219523" z="-0.999995" />
                        <texcoord u="0.474407" v="0.869233" />
                    </vertex>
                    <vertex>
                        <position x="1.37443" y="-0.893981" z="3.42607" />
                        <normal x="0.00204541" y="-0.00219523" z="-0.999995" />
                        <texcoord u="0.474407" v="0.869233" />
                    </vertex>
                    <vertex>
                        <position x="-1.37443" y="-0.893981" z="3.42607" />
                        <normal x="-0.00272721" y="-0.000737748" z="-0.999996" />
                        <texcoord u="0.798919" v="0.869233" />
                    </vertex>
                    <vertex>
                        <position x="-0.5" y="-0.5" z="3.42348" />
                        <normal x="-0.00127321" y="-0.00374183" z="-0.999992" />
                        <texcoord u="0.69569" v="0.822686" />
                    </vertex>
                    <vertex>
                        <position x="-1.37443" y="-0.893981" z="3.42607" />
                        <normal x="0" y="-0.869527" z="0.493886" />
                        <texcoord u="0.700989" v="0.880555" />
                    </vertex>
                    <vertex>
                        <position x="1.37443" y="-0.893981" z="3.42607" />
                        <normal x="0" y="-0.869527" z="0.493886" />
                        <texcoord u="0.56531" v="0.880555" />
                    </vertex>
                    <vertex>
                        <position x="0" y="0" z="5" />
                        <normal x="0" y="-0.869527" z="0.493886" />
                        <texcoord u="0.63315" v="0.958302" />
                    </vertex>
                    <vertex>
                        <position x="0.5" y="-0.5" z="0" />
                        <normal x="0.894427" y="0.447214" z="-1.36259e-008" />
                        <texcoord u="0.0804536" v="0.19998" />
                    </vertex>
                    <vertex>
                        <position x="0" y="0.5" z="0" />
                        <normal x="0.894427" y="0.447214" z="-1.55724e-008" />
                        <texcoord u="0.0804536" v="0.249377" />
                    </vertex>
                    <vertex>
                        <position x="0" y="0.5" z="3.42348" />
                        <normal x="0.894427" y="0.447214" z="-1.36259e-008" />
                        <texcoord u="0.24943" v="0.249377" />
                    </vertex>
                    <vertex>
                        <position x="0" y="0.5" z="3.42348" />
                        <normal x="0.894427" y="0.447214" z="-1.36259e-008" />
                        <texcoord u="0.24943" v="0.249377" />
                    </vertex>
                    <vertex>
                        <position x="0.5" y="-0.5" z="3.42348" />
                        <normal x="0.894427" y="0.447214" z="-1.16793e-008" />
                        <texcoord u="0.24943" v="0.19998" />
                    </vertex>
                    <vertex>
                        <position x="0.5" y="-0.5" z="0" />
                        <normal x="0.894427" y="0.447214" z="-1.36259e-008" />
                        <texcoord u="0.0804536" v="0.19998" />
                    </vertex>
                    <vertex>
                        <position x="1.37443" y="-0.893981" z="3.42607" />
                        <normal x="0.00204541" y="-0.00219523" z="-0.999995" />
                        <texcoord u="0.0522832" v="0.313265" />
                    </vertex>
                    <vertex>
                        <position x="0.5" y="-0.5" z="3.42348" />
                        <normal x="0.00190981" y="-0.00232892" z="-0.999995" />
                        <texcoord u="0.155513" v="0.266718" />
                    </vertex>
                    <vertex>
                        <position x="0" y="0.5" z="3.42348" />
                        <normal x="0" y="0.0021772" z="-0.999998" />
                        <texcoord u="0.214539" v="0.148573" />
                    </vertex>
                    <vertex>
                        <position x="0" y="0.5" z="3.42348" />
                        <normal x="0" y="0.0021772" z="-0.999998" />
                        <texcoord u="0.214539" v="0.148573" />
                    </vertex>
                    <vertex>
                        <position x="0" y="1.55848" z="3.42607" />
                        <normal x="0" y="0.00244459" z="-0.999997" />
                        <texcoord u="0.214539" v="0.0235192" />
                    </vertex>
                    <vertex>
                        <position x="1.37443" y="-0.893981" z="3.42607" />
                        <normal x="0.00204541" y="-0.00219523" z="-0.999995" />
                        <texcoord u="0.0522832" v="0.313265" />
                    </vertex>
                    <vertex>
                        <position x="1.37443" y="-0.893981" z="3.42607" />
                        <normal x="0.785183" y="0.44004" z="0.43572" />
                        <texcoord u="0.292887" v="0.100737" />
                    </vertex>
                    <vertex>
                        <position x="0" y="1.55848" z="3.42607" />
                        <normal x="0.785183" y="0.44004" z="0.43572" />
                        <texcoord u="0.171838" v="0.100737" />
                    </vertex>
                    <vertex>
                        <position x="0" y="0" z="5" />
                        <normal x="0.785183" y="0.44004" z="0.43572" />
                        <texcoord u="0.248761" v="0.178483" />
                    </vertex>
                    <vertex>
                        <position x="0" y="0.5" z="0" />
                        <normal x="-0.894427" y="0.447214" z="-1.36259e-008" />
                        <texcoord u="0.710296" v="0.129476" />
                    </vertex>
                    <vertex>
                        <position x="-0.5" y="-0.5" z="0" />
                        <normal x="-0.894427" y="0.447214" z="-1.16793e-008" />
                        <texcoord u="0.710296" v="0.178872" />
                    </vertex>
                    <vertex>
                        <position x="-0.5" y="-0.5" z="3.42348" />
                        <normal x="-0.894427" y="0.447214" z="-1.36259e-008" />
                        <texcoord u="0.879272" v="0.178872" />
                    </vertex>
                    <vertex>
                        <position x="-0.5" y="-0.5" z="3.42348" />
                        <normal x="-0.894427" y="0.447214" z="-1.36259e-008" />
                        <texcoord u="0.879272" v="0.178872" />
                    </vertex>
                    <vertex>
                        <position x="0" y="0.5" z="3.42348" />
                        <normal x="-0.894427" y="0.447214" z="-1.55724e-008" />
                        <texcoord u="0.879272" v="0.129476" />
                    </vertex>
                    <vertex>
                        <position x="0" y="0.5" z="0" />
                        <normal x="-0.894427" y="0.447214" z="-1.36259e-008" />
                        <texcoord u="0.710296" v="0.129476" />
                    </vertex>
                    <vertex>
                        <position x="0" y="0.5" z="3.42348" />
                        <normal x="0" y="0.0021772" z="-0.999998" />
                        <texcoord u="0.809123" v="0.138708" />
                    </vertex>
                    <vertex>
                        <position x="-0.5" y="-0.5" z="3.42348" />
                        <normal x="-0.00127321" y="-0.00374183" z="-0.999992" />
                        <texcoord u="0.86815" v="0.258673" />
                    </vertex>
                    <vertex>
                        <position x="-1.37443" y="-0.893981" z="3.42607" />
                        <normal x="-0.00272721" y="-0.000737748" z="-0.999996" />
                        <texcoord u="0.971379" v="0.30522" />
                    </vertex>
                    <vertex>
                        <position x="-1.37443" y="-0.893981" z="3.42607" />
                        <normal x="-0.00272721" y="-0.000737748" z="-0.999996" />
                        <texcoord u="0.971379" v="0.30522" />
                    </vertex>
                    <vertex>
                        <position x="0" y="1.55848" z="3.42607" />
                        <normal x="0" y="0.00244459" z="-0.999997" />
                        <texcoord u="0.809123" v="0.0136544" />
                    </vertex>
                    <vertex>
                        <position x="0" y="0.5" z="3.42348" />
                        <normal x="0" y="0.0021772" z="-0.999998" />
                        <texcoord u="0.809123" v="0.138708" />
                    </vertex>
                    <vertex>
                        <position x="0" y="1.55848" z="3.42607" />
                        <normal x="-0.785183" y="0.44004" z="0.43572" />
                        <texcoord u="0.971165" v="0.220855" />
                    </vertex>
                    <vertex>
                        <position x="-1.37443" y="-0.893981" z="3.42607" />
                        <normal x="-0.785183" y="0.44004" z="0.43572" />
                        <texcoord u="0.850116" v="0.220855" />
                    </vertex>
                    <vertex>
                        <position x="0" y="0" z="5" />
                        <normal x="-0.785183" y="0.44004" z="0.43572" />
                        <texcoord u="0.894241" v="0.298601" />
                    </vertex>
                </vertexbuffer>
            </geometry>
        </submesh>
    </submeshes>
    <submeshnames>
        <submeshname name="submesh0" index="0" />
    </submeshnames>
</mesh>
