<mesh>
    <submeshes>
        <submesh material="Material#0" usesharedvertices="false" use32bitindexes="false" operationtype="triangle_list">
            <faces count="12">
                <face v1="0" v2="1" v3="2" />
                <face v1="3" v2="4" v3="5" />
                <face v1="6" v2="7" v3="8" />
                <face v1="9" v2="10" v3="11" />
                <face v1="12" v2="13" v3="14" />
                <face v1="15" v2="16" v3="17" />
                <face v1="18" v2="19" v3="20" />
                <face v1="21" v2="22" v3="23" />
                <face v1="24" v2="25" v3="26" />
                <face v1="27" v2="28" v3="29" />
                <face v1="30" v2="31" v3="32" />
                <face v1="33" v2="34" v3="35" />
            </faces>
            <geometry vertexcount="36">
                <vertexbuffer positions="true" normals="true" texture_coord_dimensions_0="2" texture_coords="1">
                    <vertex>
                        <position x="-0.5" y="-0.5" z="0.5" />
                        <normal x="0" y="-1" z="0" />
                        <texcoord u="0.9995" v="0.9995" />
                    </vertex>
                    <vertex>
                        <position x="-0.5" y="-0.5" z="-0.5" />
                        <normal x="0" y="-1" z="0" />
                        <texcoord u="0.9995" v="0.000499487" />
                    </vertex>
                    <vertex>
                        <position x="0.5" y="-0.5" z="-0.5" />
                        <normal x="0" y="-1" z="0" />
                        <texcoord u="0.000499547" v="0.000499725" />
                    </vertex>
                    <vertex>
                        <position x="0.5" y="-0.5" z="-0.5" />
                        <normal x="0" y="-1" z="0" />
                        <texcoord u="0.000499547" v="0.000499725" />
                    </vertex>
                    <vertex>
                        <position x="0.5" y="-0.5" z="0.5" />
                        <normal x="0" y="-1" z="0" />
                        <texcoord u="0.000499785" v="0.9995" />
                    </vertex>
                    <vertex>
                        <position x="-0.5" y="-0.5" z="0.5" />
                        <normal x="0" y="-1" z="0" />
                        <texcoord u="0.9995" v="0.9995" />
                    </vertex>
                    <vertex>
                        <position x="-0.5" y="0.5" z="0.5" />
                        <normal x="0" y="1" z="0" />
                        <texcoord u="0.000499547" v="0.9995" />
                    </vertex>
                    <vertex>
                        <position x="0.5" y="0.5" z="0.5" />
                        <normal x="0" y="1" z="0" />
                        <texcoord u="0.9995" v="0.9995" />
                    </vertex>
                    <vertex>
                        <position x="0.5" y="0.5" z="-0.5" />
                        <normal x="0" y="1" z="0" />
                        <texcoord u="0.9995" v="0.000499725" />
                    </vertex>
                    <vertex>
                        <position x="0.5" y="0.5" z="-0.5" />
                        <normal x="0" y="1" z="0" />
                        <texcoord u="0.9995" v="0.000499725" />
                    </vertex>
                    <vertex>
                        <position x="-0.5" y="0.5" z="-0.5" />
                        <normal x="0" y="1" z="0" />
                        <texcoord u="0.000499785" v="0.000499487" />
                    </vertex>
                    <vertex>
                        <position x="-0.5" y="0.5" z="0.5" />
                        <normal x="0" y="1" z="0" />
                        <texcoord u="0.000499547" v="0.9995" />
                    </vertex>
                    <vertex>
                        <position x="-0.5" y="-0.5" z="0.5" />
                        <normal x="0" y="0" z="1" />
                        <texcoord u="0.000499547" v="0.9995" />
                    </vertex>
                    <vertex>
                        <position x="0.5" y="-0.5" z="0.5" />
                        <normal x="0" y="0" z="1" />
                        <texcoord u="0.9995" v="0.9995" />
                    </vertex>
                    <vertex>
                        <position x="0.5" y="0.5" z="0.5" />
                        <normal x="0" y="0" z="1" />
                        <texcoord u="0.9995" v="0.000499606" />
                    </vertex>
                    <vertex>
                        <position x="0.5" y="0.5" z="0.5" />
                        <normal x="0" y="0" z="1" />
                        <texcoord u="0.9995" v="0.000499606" />
                    </vertex>
                    <vertex>
                        <position x="-0.5" y="0.5" z="0.5" />
                        <normal x="0" y="0" z="1" />
                        <texcoord u="0.000499547" v="0.000499606" />
                    </vertex>
                    <vertex>
                        <position x="-0.5" y="-0.5" z="0.5" />
                        <normal x="0" y="0" z="1" />
                        <texcoord u="0.000499547" v="0.9995" />
                    </vertex>
                    <vertex>
                        <position x="0.5" y="-0.5" z="0.5" />
                        <normal x="1" y="0" z="0" />
                        <texcoord u="0.000499576" v="0.9995" />
                    </vertex>
                    <vertex>
                        <position x="0.5" y="-0.5" z="-0.5" />
                        <normal x="1" y="0" z="0" />
                        <texcoord u="0.9995" v="0.9995" />
                    </vertex>
                    <vertex>
                        <position x="0.5" y="0.5" z="-0.5" />
                        <normal x="1" y="0" z="0" />
                        <texcoord u="0.9995" v="0.000499606" />
                    </vertex>
                    <vertex>
                        <position x="0.5" y="0.5" z="-0.5" />
                        <normal x="1" y="0" z="0" />
                        <texcoord u="0.9995" v="0.000499606" />
                    </vertex>
                    <vertex>
                        <position x="0.5" y="0.5" z="0.5" />
                        <normal x="1" y="0" z="0" />
                        <texcoord u="0.000499576" v="0.000499606" />
                    </vertex>
                    <vertex>
                        <position x="0.5" y="-0.5" z="0.5" />
                        <normal x="1" y="0" z="0" />
                        <texcoord u="0.000499576" v="0.9995" />
                    </vertex>
                    <vertex>
                        <position x="0.5" y="-0.5" z="-0.5" />
                        <normal x="0" y="0" z="-1" />
                        <texcoord u="0.000499547" v="0.9995" />
                    </vertex>
                    <vertex>
                        <position x="-0.5" y="-0.5" z="-0.5" />
                        <normal x="0" y="0" z="-1" />
                        <texcoord u="0.9995" v="0.9995" />
                    </vertex>
                    <vertex>
                        <position x="-0.5" y="0.5" z="-0.5" />
                        <normal x="0" y="0" z="-1" />
                        <texcoord u="0.9995" v="0.000499606" />
                    </vertex>
                    <vertex>
                        <position x="-0.5" y="0.5" z="-0.5" />
                        <normal x="0" y="0" z="-1" />
                        <texcoord u="0.9995" v="0.000499606" />
                    </vertex>
                    <vertex>
                        <position x="0.5" y="0.5" z="-0.5" />
                        <normal x="0" y="0" z="-1" />
                        <texcoord u="0.000499547" v="0.000499606" />
                    </vertex>
                    <vertex>
                        <position x="0.5" y="-0.5" z="-0.5" />
                        <normal x="0" y="0" z="-1" />
                        <texcoord u="0.000499547" v="0.9995" />
                    </vertex>
                    <vertex>
                        <position x="-0.5" y="-0.5" z="-0.5" />
                        <normal x="-1" y="0" z="0" />
                        <texcoord u="0.000499487" v="0.9995" />
                    </vertex>
                    <vertex>
                        <position x="-0.5" y="-0.5" z="0.5" />
                        <normal x="-1" y="0" z="0" />
                        <texcoord u="0.9995" v="0.9995" />
                    </vertex>
                    <vertex>
                        <position x="-0.5" y="0.5" z="0.5" />
                        <normal x="-1" y="0" z="0" />
                        <texcoord u="0.9995" v="0.000499606" />
                    </vertex>
                    <vertex>
                        <position x="-0.5" y="0.5" z="0.5" />
                        <normal x="-1" y="0" z="0" />
                        <texcoord u="0.9995" v="0.000499606" />
                    </vertex>
                    <vertex>
                        <position x="-0.5" y="0.5" z="-0.5" />
                        <normal x="-1" y="0" z="0" />
                        <texcoord u="0.000499487" v="0.000499606" />
                    </vertex>
                    <vertex>
                        <position x="-0.5" y="-0.5" z="-0.5" />
                        <normal x="-1" y="0" z="0" />
                        <texcoord u="0.000499487" v="0.9995" />
                    </vertex>
                </vertexbuffer>
            </geometry>
        </submesh>
    </submeshes>
    <submeshnames>
        <submeshname name="submesh0" index="0" />
    </submeshnames>
</mesh>
