<mesh>
    <submeshes>
        <submesh material="Default" usesharedvertices="false" use32bitindexes="false" operationtype="triangle_list">
            <faces count="24">
                <face v1="0" v2="1" v3="2" />
                <face v1="3" v2="4" v3="5" />
                <face v1="6" v2="7" v3="8" />
                <face v1="9" v2="10" v3="11" />
                <face v1="12" v2="13" v3="14" />
                <face v1="15" v2="16" v3="17" />
                <face v1="18" v2="19" v3="20" />
                <face v1="21" v2="22" v3="23" />
                <face v1="24" v2="25" v3="26" />
                <face v1="27" v2="28" v3="29" />
                <face v1="30" v2="31" v3="32" />
                <face v1="33" v2="34" v3="35" />
                <face v1="36" v2="37" v3="38" />
                <face v1="39" v2="40" v3="41" />
                <face v1="42" v2="43" v3="44" />
                <face v1="45" v2="46" v3="47" />
                <face v1="48" v2="49" v3="50" />
                <face v1="51" v2="52" v3="53" />
                <face v1="54" v2="55" v3="56" />
                <face v1="57" v2="58" v3="59" />
                <face v1="60" v2="61" v3="62" />
                <face v1="63" v2="64" v3="65" />
                <face v1="66" v2="67" v3="68" />
                <face v1="69" v2="70" v3="71" />
            </faces>
            <geometry vertexcount="72">
                <vertexbuffer positions="true" normals="true" texture_coord_dimensions_0="2" texture_coords="1">
                    <vertex>
                        <position x="-0.189814" y="0.716145" z="0.405624" />
                        <normal x="0.916687" y="0.3106" z="-0.25142" />
                        <texcoord u="0.939083" v="1.43774" />
                    </vertex>
                    <vertex>
                        <position x="-0.183179" y="0.773072" z="0.500145" />
                        <normal x="0.916687" y="0.3106" z="-0.25142" />
                        <texcoord u="0.902106" v="1.37737" />
                    </vertex>
                    <vertex>
                        <position x="-0.164264" y="0.716201" z="0.49885" />
                        <normal x="0.916687" y="0.3106" z="-0.25142" />
                        <texcoord u="0.902006" v="1.43775" />
                    </vertex>
                    <vertex>
                        <position x="-0.189814" y="0.716145" z="0.405624" />
                        <normal x="0.916726" y="-0.310783" z="-0.251053" />
                        <texcoord u="0.939083" v="1.43774" />
                    </vertex>
                    <vertex>
                        <position x="-0.164264" y="0.716201" z="0.49885" />
                        <normal x="0.916726" y="-0.310783" z="-0.251053" />
                        <texcoord u="0.902006" v="1.43775" />
                    </vertex>
                    <vertex>
                        <position x="-0.183172" y="0.659329" z="0.500212" />
                        <normal x="0.916726" y="-0.310783" z="-0.251053" />
                        <texcoord u="0.902141" v="1.49814" />
                    </vertex>
                    <vertex>
                        <position x="-0.164264" y="0.716201" z="0.49885" />
                        <normal x="0.967774" y="-0.242519" z="-0.0678049" />
                        <texcoord u="0.902006" v="1.43775" />
                    </vertex>
                    <vertex>
                        <position x="-0.141029" y="0.716398" z="0.829788" />
                        <normal x="0.967774" y="-0.242519" z="-0.0678049" />
                        <texcoord u="0.642538" v="1.43778" />
                    </vertex>
                    <vertex>
                        <position x="-0.159935" y="0.640568" z="0.831161" />
                        <normal x="0.967774" y="-0.242519" z="-0.0678049" />
                        <texcoord u="0.642562" v="1.49816" />
                    </vertex>
                    <vertex>
                        <position x="-0.164264" y="0.716201" z="0.49885" />
                        <normal x="0.944951" y="-0.316174" z="-0.0842713" />
                        <texcoord u="0.902006" v="1.43775" />
                    </vertex>
                    <vertex>
                        <position x="-0.159935" y="0.640568" z="0.831161" />
                        <normal x="0.944951" y="-0.316174" z="-0.0842713" />
                        <texcoord u="0.642562" v="1.49816" />
                    </vertex>
                    <vertex>
                        <position x="-0.183172" y="0.659329" z="0.500212" />
                        <normal x="0.944951" y="-0.316174" z="-0.0842713" />
                        <texcoord u="0.902141" v="1.49814" />
                    </vertex>
                    <vertex>
                        <position x="-0.183179" y="0.773072" z="0.500145" />
                        <normal x="0.966681" y="0.242528" z="-0.0819086" />
                        <texcoord u="0.902106" v="1.37737" />
                    </vertex>
                    <vertex>
                        <position x="-0.159945" y="0.792227" z="0.831071" />
                        <normal x="0.966681" y="0.242528" z="-0.0819086" />
                        <texcoord u="0.642526" v="1.3774" />
                    </vertex>
                    <vertex>
                        <position x="-0.141029" y="0.716398" z="0.829788" />
                        <normal x="0.966681" y="0.242528" z="-0.0819086" />
                        <texcoord u="0.642538" v="1.43778" />
                    </vertex>
                    <vertex>
                        <position x="-0.183179" y="0.773072" z="0.500145" />
                        <normal x="0.946332" y="0.316254" z="-0.0666312" />
                        <texcoord u="0.902106" v="1.37737" />
                    </vertex>
                    <vertex>
                        <position x="-0.141029" y="0.716398" z="0.829788" />
                        <normal x="0.946332" y="0.316254" z="-0.0666312" />
                        <texcoord u="0.642538" v="1.43778" />
                    </vertex>
                    <vertex>
                        <position x="-0.164264" y="0.716201" z="0.49885" />
                        <normal x="0.946332" y="0.316254" z="-0.0666312" />
                        <texcoord u="0.902006" v="1.43775" />
                    </vertex>
                    <vertex>
                        <position x="-0.189814" y="0.716145" z="0.405624" />
                        <normal x="-0.942804" y="-0.310812" z="-0.120487" />
                        <texcoord u="0.939083" v="1.43774" />
                    </vertex>
                    <vertex>
                        <position x="-0.183172" y="0.659329" z="0.500212" />
                        <normal x="-0.942804" y="-0.310812" z="-0.120487" />
                        <texcoord u="0.902141" v="1.49814" />
                    </vertex>
                    <vertex>
                        <position x="-0.202086" y="0.7162" z="0.501506" />
                        <normal x="-0.942804" y="-0.310812" z="-0.120487" />
                        <texcoord u="0.902241" v="1.43775" />
                    </vertex>
                    <vertex>
                        <position x="-0.189814" y="0.716145" z="0.405624" />
                        <normal x="-0.942842" y="0.310553" z="-0.120854" />
                        <texcoord u="0.939083" v="1.43774" />
                    </vertex>
                    <vertex>
                        <position x="-0.202086" y="0.7162" z="0.501506" />
                        <normal x="-0.942842" y="0.310553" z="-0.120854" />
                        <texcoord u="0.902241" v="1.43775" />
                    </vertex>
                    <vertex>
                        <position x="-0.183179" y="0.773072" z="0.500145" />
                        <normal x="-0.942842" y="0.310553" z="-0.120854" />
                        <texcoord u="0.902106" v="1.37737" />
                    </vertex>
                    <vertex>
                        <position x="-0.202086" y="0.7162" z="0.501506" />
                        <normal x="-0.967776" y="0.242512" z="0.0678051" />
                        <texcoord u="0.902241" v="1.43775" />
                    </vertex>
                    <vertex>
                        <position x="-0.17885" y="0.716397" z="0.832444" />
                        <normal x="-0.967776" y="0.242512" z="0.0678051" />
                        <texcoord u="0.64255" v="1.43778" />
                    </vertex>
                    <vertex>
                        <position x="-0.159945" y="0.792227" z="0.831071" />
                        <normal x="-0.967776" y="0.242512" z="0.0678051" />
                        <texcoord u="0.642526" v="1.3774" />
                    </vertex>
                    <vertex>
                        <position x="-0.202086" y="0.7162" z="0.501506" />
                        <normal x="-0.947485" y="0.316143" z="0.0482247" />
                        <texcoord u="0.902241" v="1.43775" />
                    </vertex>
                    <vertex>
                        <position x="-0.159945" y="0.792227" z="0.831071" />
                        <normal x="-0.947485" y="0.316143" z="0.0482247" />
                        <texcoord u="0.642526" v="1.3774" />
                    </vertex>
                    <vertex>
                        <position x="-0.183179" y="0.773072" z="0.500145" />
                        <normal x="-0.947485" y="0.316143" z="0.0482247" />
                        <texcoord u="0.902106" v="1.37737" />
                    </vertex>
                    <vertex>
                        <position x="-0.183172" y="0.659329" z="0.500212" />
                        <normal x="-0.968624" y="-0.242537" z="0.0542605" />
                        <texcoord u="0.902141" v="1.49814" />
                    </vertex>
                    <vertex>
                        <position x="-0.159935" y="0.640568" z="0.831161" />
                        <normal x="-0.968624" y="-0.242537" z="0.0542605" />
                        <texcoord u="0.642562" v="1.49816" />
                    </vertex>
                    <vertex>
                        <position x="-0.17885" y="0.716397" z="0.832444" />
                        <normal x="-0.968624" y="-0.242537" z="0.0542605" />
                        <texcoord u="0.64255" v="1.43778" />
                    </vertex>
                    <vertex>
                        <position x="-0.183172" y="0.659329" z="0.500212" />
                        <normal x="-0.946335" y="-0.316244" z="0.0666314" />
                        <texcoord u="0.902141" v="1.49814" />
                    </vertex>
                    <vertex>
                        <position x="-0.17885" y="0.716397" z="0.832444" />
                        <normal x="-0.946335" y="-0.316244" z="0.0666314" />
                        <texcoord u="0.64255" v="1.43778" />
                    </vertex>
                    <vertex>
                        <position x="-0.202086" y="0.7162" z="0.501506" />
                        <normal x="-0.946335" y="-0.316244" z="0.0666314" />
                        <texcoord u="0.902241" v="1.43775" />
                    </vertex>
                    <vertex>
                        <position x="-0.141029" y="0.716398" z="0.829788" />
                        <normal x="0.0700365" y="0.000592311" z="0.997544" />
                        <texcoord u="0.642538" v="1.43778" />
                    </vertex>
                    <vertex>
                        <position x="-0.159945" y="0.792227" z="0.831071" />
                        <normal x="0.0700365" y="0.000592311" z="0.997544" />
                        <texcoord u="0.642526" v="1.3774" />
                    </vertex>
                    <vertex>
                        <position x="-0.17885" y="0.716397" z="0.832444" />
                        <normal x="0.0700365" y="0.000592311" z="0.997544" />
                        <texcoord u="0.64255" v="1.43778" />
                    </vertex>
                    <vertex>
                        <position x="-0.141029" y="0.716398" z="0.829788" />
                        <normal x="0.0700365" y="0.000592732" z="0.997544" />
                        <texcoord u="0.642538" v="1.43778" />
                    </vertex>
                    <vertex>
                        <position x="-0.17885" y="0.716397" z="0.832444" />
                        <normal x="0.0700365" y="0.000592732" z="0.997544" />
                        <texcoord u="0.64255" v="1.43778" />
                    </vertex>
                    <vertex>
                        <position x="-0.159935" y="0.640568" z="0.831161" />
                        <normal x="0.0700365" y="0.000592732" z="0.997544" />
                        <texcoord u="0.642562" v="1.49816" />
                    </vertex>
                    <vertex>
                        <position x="-0.255651" y="0.729189" z="-0.529524" />
                        <normal x="0.726557" y="0.685162" z="-0.051661" />
                        <texcoord u="0.981227" v="1.60808" />
                    </vertex>
                    <vertex>
                        <position x="-0.178371" y="0.72984" z="0.565956" />
                        <normal x="0.726557" y="0.685162" z="-0.051661" />
                        <texcoord u="0.981579" v="1.95149" />
                    </vertex>
                    <vertex>
                        <position x="-0.165609" y="0.716236" z="0.565025" />
                        <normal x="0.726557" y="0.685162" z="-0.051661" />
                        <texcoord u="0.997975" v="1.95148" />
                    </vertex>
                    <vertex>
                        <position x="-0.255651" y="0.729189" z="-0.529524" />
                        <normal x="0.70554" y="0.706927" z="-0.0496745" />
                        <texcoord u="0.981227" v="1.60808" />
                    </vertex>
                    <vertex>
                        <position x="-0.165609" y="0.716236" z="0.565025" />
                        <normal x="0.70554" y="0.706927" z="-0.0496745" />
                        <texcoord u="0.997975" v="1.95148" />
                    </vertex>
                    <vertex>
                        <position x="-0.24209" y="0.715585" z="-0.530509" />
                        <normal x="0.70554" y="0.706927" z="-0.0496745" />
                        <texcoord u="0.997935" v="1.60807" />
                    </vertex>
                    <vertex>
                        <position x="-0.269217" y="0.715593" z="-0.528516" />
                        <normal x="-0.726181" y="0.685583" z="0.0513514" />
                        <texcoord u="0.961203" v="1.60809" />
                    </vertex>
                    <vertex>
                        <position x="-0.191141" y="0.716244" z="0.566903" />
                        <normal x="-0.726181" y="0.685583" z="0.0513514" />
                        <texcoord u="0.961208" v="1.9515" />
                    </vertex>
                    <vertex>
                        <position x="-0.178371" y="0.72984" z="0.565956" />
                        <normal x="-0.726181" y="0.685583" z="0.0513514" />
                        <texcoord u="0.981579" v="1.95149" />
                    </vertex>
                    <vertex>
                        <position x="-0.269217" y="0.715593" z="-0.528516" />
                        <normal x="-0.705204" y="0.707287" z="0.0493277" />
                        <texcoord u="0.961203" v="1.60809" />
                    </vertex>
                    <vertex>
                        <position x="-0.178371" y="0.72984" z="0.565956" />
                        <normal x="-0.705204" y="0.707287" z="0.0493277" />
                        <texcoord u="0.981579" v="1.95149" />
                    </vertex>
                    <vertex>
                        <position x="-0.255651" y="0.729189" z="-0.529524" />
                        <normal x="-0.705204" y="0.707287" z="0.0493277" />
                        <texcoord u="0.981227" v="1.60808" />
                    </vertex>
                    <vertex>
                        <position x="-0.255657" y="0.701989" z="-0.529508" />
                        <normal x="-0.726551" y="-0.685168" z="0.0516602" />
                        <texcoord u="0.981228" v="1.60808" />
                    </vertex>
                    <vertex>
                        <position x="-0.178378" y="0.70264" z="0.565972" />
                        <normal x="-0.726551" y="-0.685168" z="0.0516602" />
                        <texcoord u="0.981579" v="1.95149" />
                    </vertex>
                    <vertex>
                        <position x="-0.191141" y="0.716244" z="0.566903" />
                        <normal x="-0.726551" y="-0.685168" z="0.0516602" />
                        <texcoord u="0.961208" v="1.9515" />
                    </vertex>
                    <vertex>
                        <position x="-0.255657" y="0.701989" z="-0.529508" />
                        <normal x="-0.705485" y="-0.706909" z="0.0507033" />
                        <texcoord u="0.981228" v="1.60808" />
                    </vertex>
                    <vertex>
                        <position x="-0.191141" y="0.716244" z="0.566903" />
                        <normal x="-0.705485" y="-0.706909" z="0.0507033" />
                        <texcoord u="0.961208" v="1.9515" />
                    </vertex>
                    <vertex>
                        <position x="-0.269217" y="0.715593" z="-0.528516" />
                        <normal x="-0.705485" y="-0.706909" z="0.0507033" />
                        <texcoord u="0.961203" v="1.60809" />
                    </vertex>
                    <vertex>
                        <position x="-0.24209" y="0.715585" z="-0.530509" />
                        <normal x="0.726252" y="-0.685587" z="-0.0502936" />
                        <texcoord u="0.997935" v="1.60807" />
                    </vertex>
                    <vertex>
                        <position x="-0.165609" y="0.716236" z="0.565025" />
                        <normal x="0.726252" y="-0.685587" z="-0.0502936" />
                        <texcoord u="0.997975" v="1.95148" />
                    </vertex>
                    <vertex>
                        <position x="-0.178378" y="0.70264" z="0.565972" />
                        <normal x="0.726252" y="-0.685587" z="-0.0502936" />
                        <texcoord u="0.981579" v="1.95149" />
                    </vertex>
                    <vertex>
                        <position x="-0.24209" y="0.715585" z="-0.530509" />
                        <normal x="0.705185" y="-0.707305" z="-0.0493259" />
                        <texcoord u="0.997935" v="1.60807" />
                    </vertex>
                    <vertex>
                        <position x="-0.178378" y="0.70264" z="0.565972" />
                        <normal x="0.705185" y="-0.707305" z="-0.0493259" />
                        <texcoord u="0.981579" v="1.95149" />
                    </vertex>
                    <vertex>
                        <position x="-0.255657" y="0.701989" z="-0.529508" />
                        <normal x="0.705185" y="-0.707305" z="-0.0493259" />
                        <texcoord u="0.981228" v="1.60808" />
                    </vertex>
                    <vertex>
                        <position x="-0.178371" y="0.72984" z="0.565956" />
                        <normal x="0.0733282" y="0.000590943" z="0.997308" />
                        <texcoord u="0.981579" v="1.95149" />
                    </vertex>
                    <vertex>
                        <position x="-0.191141" y="0.716244" z="0.566903" />
                        <normal x="0.0733282" y="0.000590943" z="0.997308" />
                        <texcoord u="0.961208" v="1.9515" />
                    </vertex>
                    <vertex>
                        <position x="-0.178378" y="0.70264" z="0.565972" />
                        <normal x="0.0733282" y="0.000590943" z="0.997308" />
                        <texcoord u="0.981579" v="1.95149" />
                    </vertex>
                    <vertex>
                        <position x="-0.178371" y="0.72984" z="0.565956" />
                        <normal x="0.0733223" y="0.000590944" z="0.997308" />
                        <texcoord u="0.981579" v="1.95149" />
                    </vertex>
                    <vertex>
                        <position x="-0.178378" y="0.70264" z="0.565972" />
                        <normal x="0.0733223" y="0.000590944" z="0.997308" />
                        <texcoord u="0.981579" v="1.95149" />
                    </vertex>
                    <vertex>
                        <position x="-0.165609" y="0.716236" z="0.565025" />
                        <normal x="0.0733223" y="0.000590944" z="0.997308" />
                        <texcoord u="0.997975" v="1.95148" />
                    </vertex>
                </vertexbuffer>
            </geometry>
        </submesh>
    </submeshes>
    <submeshnames>
        <submeshname name="submesh0" index="0" />
    </submeshnames>
</mesh>
