<skeleton>
    <bones>
        <bone id="0" name="cate">
            <position x="-12.6594" y="622.063" z="124.582" />
            <rotation angle="1.57148">
                <axis x="-0.026168" y="-0.999315" z="0.026168" />
            </rotation>
        </bone>
        <bone id="1" name="cate Pelvis">
            <position x="37.4201" y="0" z="-1.16415e-010" />
            <rotation angle="2.09439">
                <axis x="-0.57735" y="-0.57735" z="0.577351" />
            </rotation>
        </bone>
        <bone id="2" name="cate Spine">
            <position x="1868.28" y="0.370176" z="-80.3588" />
            <rotation angle="0.0768652">
                <axis x="-5.3402e-005" y="-1" z="1.73821e-005" />
            </rotation>
        </bone>
        <bone id="3" name="cate Spine1">
            <position x="1639.28" y="-2.89083e-006" z="1.05728" />
            <rotation angle="0.0875579">
                <axis x="-1.27969e-012" y="-1" z="-2.72989e-006" />
            </rotation>
        </bone>
        <bone id="4" name="cate Spine2">
            <position x="1332.73" y="-2.86102e-006" z="1.06104" />
            <rotation angle="0">
                <axis x="0" y="1" z="-9.53674e-007" />
            </rotation>
        </bone>
        <bone id="5" name="cate Spine3">
            <position x="1332.73" y="-2.92063e-006" z="1.06116" />
            <rotation angle="0">
                <axis x="0" y="1" z="-9.53674e-007" />
            </rotation>
        </bone>
        <bone id="6" name="cate Neck">
            <position x="1209.79" y="-7.64999" z="143.104" />
            <rotation angle="0.438538">
                <axis x="4.98214e-007" y="1" z="4.97393e-006" />
            </rotation>
        </bone>
        <bone id="7" name="cate Head">
            <position x="1016.18" y="0" z="0" />
            <rotation angle="0.0361069">
                <axis x="0.0374143" y="-0.989423" z="0.140151" />
            </rotation>
        </bone>
        <bone id="8" name="cate HeadNub">
            <position x="1871.73" y="0.951958" z="284.268" />
            <rotation angle="0">
                <axis x="0.00781153" y="0.999876" z="0.0136702" />
            </rotation>
        </bone>
        <bone id="9" name="cate L Clavicle">
            <position x="-21.6162" y="340.95" z="-388.912" />
            <rotation angle="2.8322">
                <axis x="0.698456" y="0.698455" z="0.155945" />
            </rotation>
        </bone>
        <bone id="10" name="cate L UpperArm">
            <position x="1776.92" y="0" z="0" />
            <rotation angle="0.191793">
                <axis x="0.888976" y="0.262158" z="-0.375494" />
            </rotation>
        </bone>
        <bone id="11" name="cate L Forearm">
            <position x="3755.67" y="-0.00390625" z="0" />
            <rotation angle="0.0693188">
                <axis x="2.48591e-008" y="-1" z="5.43146e-009" />
            </rotation>
        </bone>
        <bone id="12" name="cate L Hand">
            <position x="2346.87" y="0.00195313" z="0.00012207" />
            <rotation angle="1.57">
                <axis x="-1" y="-4.02735e-009" z="2.16622e-009" />
            </rotation>
        </bone>
        <bone id="13" name="cate L Finger0">
            <position x="489.105" y="-574.976" z="-227.273" />
            <rotation angle="1.80622">
                <axis x="0.970989" y="-0.178635" z="-0.158964" />
            </rotation>
        </bone>
        <bone id="14" name="cate L Finger01">
            <position x="318.065" y="-0.000976563" z="0" />
            <rotation angle="0.279593">
                <axis x="2.97338e-008" y="1" z="-4.09593e-008" />
            </rotation>
        </bone>
        <bone id="15" name="cate L Finger02">
            <position x="318.065" y="0.000976563" z="0" />
            <rotation angle="0">
                <axis x="0.696311" y="0.696311" z="0.174078" />
            </rotation>
        </bone>
        <bone id="16" name="cate L Finger0Nub">
            <position x="-6716.28" y="-6928.53" z="2618.75" />
            <rotation angle="1.61533">
                <axis x="0.0360951" y="-0.380348" z="-0.924139" />
            </rotation>
        </bone>
        <bone id="17" name="cate L Finger1">
            <position x="1064.59" y="-376.196" z="64.0039" />
            <rotation angle="0.296331">
                <axis x="0.630803" y="-0.0355443" z="-0.775128" />
            </rotation>
        </bone>
        <bone id="18" name="cate L Finger11">
            <position x="360.359" y="0" z="-0.000976563" />
            <rotation angle="0.309336">
                <axis x="8.99219e-009" y="1" z="-5.89626e-008" />
            </rotation>
        </bone>
        <bone id="19" name="cate L Finger12">
            <position x="398.65" y="0" z="0" />
            <rotation angle="0.152224">
                <axis x="-9.39741e-008" y="1" z="-1.54e-007" />
            </rotation>
        </bone>
        <bone id="20" name="cate L Finger1Nub">
            <position x="-2507.15" y="-3704.31" z="-10091.3" />
            <rotation angle="1.61533">
                <axis x="0.0934734" y="0.927199" z="-0.362719" />
            </rotation>
        </bone>
        <bone id="21" name="cate L Finger2">
            <position x="1079.25" y="-125.174" z="93.9609" />
            <rotation angle="0.0498873">
                <axis x="0.00226022" y="0.844598" z="-0.535397" />
            </rotation>
        </bone>
        <bone id="22" name="cate L Finger21">
            <position x="431.926" y="0" z="0" />
            <rotation angle="0.241037">
                <axis x="-5.79759e-009" y="1" z="-3.83345e-008" />
            </rotation>
        </bone>
        <bone id="23" name="cate L Finger22">
            <position x="475.679" y="0" z="0.00195313" />
            <rotation angle="0.420716">
                <axis x="5.61141e-009" y="1" z="-4.15847e-008" />
            </rotation>
        </bone>
        <bone id="24" name="cate L Finger2Nub">
            <position x="26.7327" y="-721.039" z="-11252.5" />
            <rotation angle="1.61533">
                <axis x="0.211457" y="0.975187" z="-0.0655468" />
            </rotation>
        </bone>
        <bone id="25" name="cate L Finger3">
            <position x="1056.75" y="131.544" z="71.4238" />
            <rotation angle="0.0592635">
                <axis x="0.745199" y="-0.483876" z="0.45885" />
            </rotation>
        </bone>
        <bone id="26" name="cate L Finger31">
            <position x="429.713" y="0" z="0" />
            <rotation angle="0.453287">
                <axis x="-4.35873e-009" y="1" z="-4.58301e-008" />
            </rotation>
        </bone>
        <bone id="27" name="cate L Finger32">
            <position x="398.835" y="0" z="0.00195313" />
            <rotation angle="0.296632">
                <axis x="-6.69886e-009" y="1" z="-4.76803e-008" />
            </rotation>
        </bone>
        <bone id="28" name="cate L Finger3Nub">
            <position x="249.326" y="-681.772" z="-11023.9" />
            <rotation angle="1.61533">
                <axis x="0.280427" y="0.958059" z="-0.0590229" />
            </rotation>
        </bone>
        <bone id="29" name="cate L Finger4">
            <position x="1022.69" y="388.65" z="17.4648" />
            <rotation angle="0.325379">
                <axis x="0.103619" y="0.747555" z="0.656068" />
            </rotation>
        </bone>
        <bone id="30" name="cate L Finger41">
            <position x="244.502" y="-0.00012207" z="0" />
            <rotation angle="0.187542">
                <axis x="-4.95138e-009" y="1" z="-2.32831e-009" />
            </rotation>
        </bone>
        <bone id="31" name="cate L Finger42">
            <position x="278.977" y="0.00012207" z="0.00390625" />
            <rotation angle="0.0201206">
                <axis x="-1.03749e-007" y="-1" z="-3.7402e-007" />
            </rotation>
        </bone>
        <bone id="32" name="cate L Finger4Nub">
            <position x="-2786.35" y="382.289" z="-9965.36" />
            <rotation angle="1.61533">
                <axis x="0.409232" y="0.908298" z="-0.0867472" />
            </rotation>
        </bone>
        <bone id="33" name="cate L ForeTwist">
            <position x="3755.67" y="-0.00390625" z="0" />
            <rotation angle="0.0693188">
                <axis x="0.00287065" y="-0.999996" z="9.95708e-005" />
            </rotation>
        </bone>
        <bone id="34" name="cate L ForeTwist1">
            <position x="782.291" y="0.00195313" z="0.00012207" />
            <rotation angle="0">
                <axis x="1" y="-4.6734e-006" z="3.17939e-006" />
            </rotation>
        </bone>
        <bone id="35" name="cate L ForeTwist2">
            <position x="782.29" y="0" z="0.00012207" />
            <rotation angle="0">
                <axis x="1" y="-4.67773e-006" z="3.1611e-006" />
            </rotation>
        </bone>
        <bone id="36" name="cate LUpArmTwist">
            <position x="1776.92" y="0" z="0" />
            <rotation angle="0.0981653">
                <axis x="0.448664" y="0.556909" z="-0.698966" />
            </rotation>
        </bone>
        <bone id="37" name="cate LUpArmTwist1">
            <position x="1251.89" y="0.00195313" z="0" />
            <rotation angle="0.0421743">
                <axis x="1" y="-9.11605e-008" z="2.66994e-008" />
            </rotation>
        </bone>
        <bone id="38" name="cate LUpArmTwist2">
            <position x="1251.89" y="0" z="-6.10352e-005" />
            <rotation angle="0.0421743">
                <axis x="1" y="4.31064e-008" z="6.71626e-008" />
            </rotation>
        </bone>
        <bone id="39" name="cate R Clavicle">
            <position x="-21.6162" y="-325.648" z="-388.914" />
            <rotation angle="2.83219">
                <axis x="-0.698456" y="0.698457" z="-0.155943" />
            </rotation>
        </bone>
        <bone id="40" name="cate R UpperArm">
            <position x="1776.92" y="0" z="-0.000366211" />
            <rotation angle="0.191793">
                <axis x="-0.888976" y="0.262158" z="0.375494" />
            </rotation>
        </bone>
        <bone id="41" name="cate R Forearm">
            <position x="3755.67" y="0.00195313" z="0" />
            <rotation angle="0.0693188">
                <axis x="-3.13745e-008" y="-1" z="9.5486e-008" />
            </rotation>
        </bone>
        <bone id="42" name="cate R Hand">
            <position x="2346.87" y="-0.00195313" z="0" />
            <rotation angle="1.57">
                <axis x="1" y="-6.92724e-010" z="-6.90258e-010" />
            </rotation>
        </bone>
        <bone id="43" name="cate R Finger0">
            <position x="489.105" y="574.976" z="-227.271" />
            <rotation angle="1.80622">
                <axis x="-0.970989" y="-0.178635" z="0.158964" />
            </rotation>
        </bone>
        <bone id="44" name="cate R Finger01">
            <position x="318.066" y="0" z="0" />
            <rotation angle="0.279593">
                <axis x="-5.57422e-008" y="1" z="-6.53533e-008" />
            </rotation>
        </bone>
        <bone id="45" name="cate R Finger02">
            <position x="318.065" y="-0.000976563" z="-0.000488281" />
            <rotation angle="0">
                <axis x="0.553372" y="0.830057" z="-0.0691715" />
            </rotation>
        </bone>
        <bone id="46" name="cate R Finger0Nub">
            <position x="-6716.29" y="6928.54" z="2618.75" />
            <rotation angle="2.58469">
                <axis x="-0.694609" y="0.718876" z="-0.0271301" />
            </rotation>
        </bone>
        <bone id="47" name="cate R Finger1">
            <position x="1064.59" y="376.196" z="64.0039" />
            <rotation angle="0.296331">
                <axis x="-0.630803" y="-0.0355442" z="0.775128" />
            </rotation>
        </bone>
        <bone id="48" name="cate R Finger11">
            <position x="360.36" y="0.000488281" z="-0.000976563" />
            <rotation angle="0.309336">
                <axis x="-4.77867e-008" y="1" z="7.45058e-009" />
            </rotation>
        </bone>
        <bone id="49" name="cate R Finger12">
            <position x="398.647" y="0.000976563" z="0" />
            <rotation angle="0.152224">
                <axis x="-4.51244e-008" y="1" z="-1.50274e-007" />
            </rotation>
        </bone>
        <bone id="50" name="cate R Finger1Nub">
            <position x="-2507.15" y="3704.31" z="-10091.3" />
            <rotation angle="1.673">
                <axis x="0.353129" y="-0.931138" z="0.0910022" />
            </rotation>
        </bone>
        <bone id="51" name="cate R Finger2">
            <position x="1079.25" y="125.174" z="93.9609" />
            <rotation angle="0.0498873">
                <axis x="-0.00226023" y="0.844598" z="0.535397" />
            </rotation>
        </bone>
        <bone id="52" name="cate R Finger21">
            <position x="431.927" y="0" z="0" />
            <rotation angle="0.241037">
                <axis x="-2.85387e-009" y="1" z="-5.40641e-008" />
            </rotation>
        </bone>
        <bone id="53" name="cate R Finger22">
            <position x="475.679" y="0" z="0" />
            <rotation angle="0.420716">
                <axis x="-4.97488e-009" y="1" z="-4.15847e-008" />
            </rotation>
        </bone>
        <bone id="54" name="cate R Finger2Nub">
            <position x="26.7319" y="721.038" z="-11252.5" />
            <rotation angle="1.57746">
                <axis x="0.0667679" y="-0.974242" z="0.215396" />
            </rotation>
        </bone>
        <bone id="55" name="cate R Finger3">
            <position x="1056.75" y="-131.544" z="71.4238" />
            <rotation angle="0.0592635">
                <axis x="-0.745199" y="-0.483876" z="-0.45885" />
            </rotation>
        </bone>
        <bone id="56" name="cate R Finger31">
            <position x="429.712" y="0.00012207" z="-0.00195313" />
            <rotation angle="0.453287">
                <axis x="-4.30052e-009" y="1" z="-4.60826e-008" />
            </rotation>
        </bone>
        <bone id="57" name="cate R Finger32">
            <position x="398.835" y="-0.00012207" z="0.00390625" />
            <rotation angle="0.296632">
                <axis x="-7.16452e-009" y="1" z="-4.08385e-008" />
            </rotation>
        </bone>
        <bone id="58" name="cate R Finger3Nub">
            <position x="249.325" y="681.77" z="-11023.9" />
            <rotation angle="1.61206">
                <axis x="0.0591154" y="-0.957924" z="0.280867" />
            </rotation>
        </bone>
        <bone id="59" name="cate R Finger4">
            <position x="1022.69" y="-388.65" z="17.4648" />
            <rotation angle="0.325379">
                <axis x="-0.103619" y="0.747555" z="-0.656068" />
            </rotation>
        </bone>
        <bone id="60" name="cate R Finger41">
            <position x="244.503" y="0.00012207" z="0" />
            <rotation angle="0.187542">
                <axis x="-6.17747e-009" y="1" z="-4.33363e-008" />
            </rotation>
        </bone>
        <bone id="61" name="cate R Finger42">
            <position x="278.976" y="-0.00012207" z="0.00195313" />
            <rotation angle="0.0201206">
                <axis x="-2.08291e-007" y="-1" z="2.56114e-009" />
            </rotation>
        </bone>
        <bone id="62" name="cate R Finger4Nub">
            <position x="-2786.35" y="-382.29" z="-9965.37" />
            <rotation angle="1.7095">
                <axis x="0.0830984" y="-0.916196" z="0.392019" />
            </rotation>
        </bone>
        <bone id="63" name="cate R ForeTwist">
            <position x="3755.67" y="0.00195313" z="0" />
            <rotation angle="0.0693188">
                <axis x="-0.00287054" y="-0.999996" z="-9.94634e-005" />
            </rotation>
        </bone>
        <bone id="64" name="cate R ForeTwist1">
            <position x="782.291" y="0" z="0.00012207" />
            <rotation angle="0">
                <axis x="-1" y="-4.67794e-006" z="3.51091e-005" />
            </rotation>
        </bone>
        <bone id="65" name="cate R ForeTwist2">
            <position x="782.29" y="-0.00195313" z="-0.00012207" />
            <rotation angle="0">
                <axis x="-1" y="-1.40318e-005" z="-2.3571e-006" />
            </rotation>
        </bone>
        <bone id="66" name="cate RUpArmTwist">
            <position x="1776.92" y="0" z="-0.000366211" />
            <rotation angle="0.0981653">
                <axis x="-0.448664" y="0.556909" z="0.698966" />
            </rotation>
        </bone>
        <bone id="67" name="cate RUpArmTwist1">
            <position x="1251.89" y="-0.00390625" z="0.00012207" />
            <rotation angle="0.0421743">
                <axis x="-1" y="8.98218e-008" z="9.38276e-008" />
            </rotation>
        </bone>
        <bone id="68" name="cate RUpArmTwist2">
            <position x="1251.89" y="0.00195313" z="-0.00012207" />
            <rotation angle="0.0421743">
                <axis x="-1" y="-2.73576e-009" z="-1.18664e-007" />
            </rotation>
        </bone>
        <bone id="69" name="cate L Thigh">
            <position x="-1856.59" y="1194.78" z="223.599" />
            <rotation angle="2.99717">
                <axis x="0.0799592" y="-0.00786324" z="0.996767" />
            </rotation>
        </bone>
        <bone id="70" name="cate L Calf">
            <position x="5353.99" y="-0.000244141" z="-0.00012207" />
            <rotation angle="0.0622579">
                <axis x="2.16626e-008" y="1" z="2.76654e-007" />
            </rotation>
        </bone>
        <bone id="71" name="cate L Foot">
            <position x="4986.1" y="0.000244141" z="-6.10352e-005" />
            <rotation angle="0.921542">
                <axis x="-0.24483" y="-0.966997" z="-0.0705279" />
            </rotation>
        </bone>
        <bone id="72" name="cate L Toe0">
            <position x="1072" y="-5.8252" z="-1833.23" />
            <rotation angle="2.26522">
                <axis x="-5.47084e-009" y="1" z="-4.22554e-008" />
            </rotation>
        </bone>
        <bone id="73" name="cate L Toe0Nub">
            <position x="231.836" y="2564.45" z="-420.795" />
            <rotation angle="3.08937">
                <axis x="-0.033764" y="0.989701" z="-0.139112" />
            </rotation>
        </bone>
        <bone id="74" name="cate LCalfTwist">
            <position x="5353.99" y="-0.000244141" z="-0.00012207" />
            <rotation angle="0.084356">
                <axis x="-0.674666" y="0.737824" z="0.0210087" />
            </rotation>
        </bone>
        <bone id="75" name="cate LCalfTwist1">
            <position x="2493.05" y="-0.000244141" z="-0.00012207" />
            <rotation angle="0.0569322">
                <axis x="-1" y="-1.50444e-008" z="1.42542e-007" />
            </rotation>
        </bone>
        <bone id="76" name="cate R Thigh">
            <position x="-1856.59" y="-1195.52" z="223.592" />
            <rotation angle="3.28602">
                <axis x="0.079959" y="0.00786056" z="0.996767" />
            </rotation>
        </bone>
        <bone id="77" name="cate R Calf">
            <position x="5354" y="0.000244141" z="0.00012207" />
            <rotation angle="0.0622579">
                <axis x="1.37438e-008" y="1" z="-2.82961e-007" />
            </rotation>
        </bone>
        <bone id="78" name="cate R Foot">
            <position x="4986.1" y="0.000244141" z="0" />
            <rotation angle="0.921542">
                <axis x="0.24483" y="-0.966997" z="0.0705277" />
            </rotation>
        </bone>
        <bone id="79" name="cate R Toe0">
            <position x="1072" y="5.82495" z="-1833.22" />
            <rotation angle="2.26522">
                <axis x="-3.72529e-009" y="1" z="-4.24896e-008" />
            </rotation>
        </bone>
        <bone id="80" name="cate R Toe0Nub">
            <position x="231.836" y="-2564.45" z="-420.794" />
            <rotation angle="0.291962">
                <axis x="0.956006" y="-0.179481" z="-0.232034" />
            </rotation>
        </bone>
        <bone id="81" name="cate RCalfTwist">
            <position x="5354" y="0.000244141" z="0.00012207" />
            <rotation angle="0.084356">
                <axis x="0.674667" y="0.737824" z="-0.0210088" />
            </rotation>
        </bone>
        <bone id="82" name="cate RCalfTwist1">
            <position x="2493.05" y="0" z="-0.00012207" />
            <rotation angle="0.0569322">
                <axis x="1" y="1.39676e-008" z="3.09149e-007" />
            </rotation>
        </bone>
        <bone id="83" name="cate RThighTwist">
            <position x="-1856.59" y="-1195.52" z="223.592" />
            <rotation angle="3.2852">
                <axis x="0.0803231" y="0.0027967" z="0.996765" />
            </rotation>
        </bone>
        <bone id="84" name="cate RThighTwist1">
            <position x="2677" y="0" z="-0.00012207" />
            <rotation angle="0.00507437">
                <axis x="1" y="-7.36696e-007" z="3.05074e-008" />
            </rotation>
        </bone>
        <bone id="85" name="cate LThighTwist">
            <position x="-1856.59" y="1194.78" z="223.599" />
            <rotation angle="2.99798">
                <axis x="0.0803233" y="-0.00279938" z="0.996765" />
            </rotation>
        </bone>
        <bone id="86" name="cate LThighTwist1">
            <position x="2677" y="0" z="0" />
            <rotation angle="0.00507437">
                <axis x="-1" y="7.30177e-007" z="1.41361e-007" />
            </rotation>
        </bone>
    </bones>
    <bonehierarchy>
        <boneparent bone="cate Pelvis" parent="cate" />
        <boneparent bone="cate Spine" parent="cate Pelvis" />
        <boneparent bone="cate Spine1" parent="cate Spine" />
        <boneparent bone="cate Spine2" parent="cate Spine1" />
        <boneparent bone="cate Spine3" parent="cate Spine2" />
        <boneparent bone="cate Neck" parent="cate Spine3" />
        <boneparent bone="cate Head" parent="cate Neck" />
        <boneparent bone="cate HeadNub" parent="cate Head" />
        <boneparent bone="cate L Clavicle" parent="cate Neck" />
        <boneparent bone="cate L UpperArm" parent="cate L Clavicle" />
        <boneparent bone="cate L Forearm" parent="cate L UpperArm" />
        <boneparent bone="cate L Hand" parent="cate L Forearm" />
        <boneparent bone="cate L Finger0" parent="cate L Hand" />
        <boneparent bone="cate L Finger01" parent="cate L Finger0" />
        <boneparent bone="cate L Finger02" parent="cate L Finger01" />
        <boneparent bone="cate L Finger0Nub" parent="cate L Finger02" />
        <boneparent bone="cate L Finger1" parent="cate L Hand" />
        <boneparent bone="cate L Finger11" parent="cate L Finger1" />
        <boneparent bone="cate L Finger12" parent="cate L Finger11" />
        <boneparent bone="cate L Finger1Nub" parent="cate L Finger12" />
        <boneparent bone="cate L Finger2" parent="cate L Hand" />
        <boneparent bone="cate L Finger21" parent="cate L Finger2" />
        <boneparent bone="cate L Finger22" parent="cate L Finger21" />
        <boneparent bone="cate L Finger2Nub" parent="cate L Finger22" />
        <boneparent bone="cate L Finger3" parent="cate L Hand" />
        <boneparent bone="cate L Finger31" parent="cate L Finger3" />
        <boneparent bone="cate L Finger32" parent="cate L Finger31" />
        <boneparent bone="cate L Finger3Nub" parent="cate L Finger32" />
        <boneparent bone="cate L Finger4" parent="cate L Hand" />
        <boneparent bone="cate L Finger41" parent="cate L Finger4" />
        <boneparent bone="cate L Finger42" parent="cate L Finger41" />
        <boneparent bone="cate L Finger4Nub" parent="cate L Finger42" />
        <boneparent bone="cate L ForeTwist" parent="cate L UpperArm" />
        <boneparent bone="cate L ForeTwist1" parent="cate L ForeTwist" />
        <boneparent bone="cate L ForeTwist2" parent="cate L ForeTwist1" />
        <boneparent bone="cate LUpArmTwist" parent="cate L Clavicle" />
        <boneparent bone="cate LUpArmTwist1" parent="cate LUpArmTwist" />
        <boneparent bone="cate LUpArmTwist2" parent="cate LUpArmTwist1" />
        <boneparent bone="cate R Clavicle" parent="cate Neck" />
        <boneparent bone="cate R UpperArm" parent="cate R Clavicle" />
        <boneparent bone="cate R Forearm" parent="cate R UpperArm" />
        <boneparent bone="cate R Hand" parent="cate R Forearm" />
        <boneparent bone="cate R Finger0" parent="cate R Hand" />
        <boneparent bone="cate R Finger01" parent="cate R Finger0" />
        <boneparent bone="cate R Finger02" parent="cate R Finger01" />
        <boneparent bone="cate R Finger0Nub" parent="cate R Finger02" />
        <boneparent bone="cate R Finger1" parent="cate R Hand" />
        <boneparent bone="cate R Finger11" parent="cate R Finger1" />
        <boneparent bone="cate R Finger12" parent="cate R Finger11" />
        <boneparent bone="cate R Finger1Nub" parent="cate R Finger12" />
        <boneparent bone="cate R Finger2" parent="cate R Hand" />
        <boneparent bone="cate R Finger21" parent="cate R Finger2" />
        <boneparent bone="cate R Finger22" parent="cate R Finger21" />
        <boneparent bone="cate R Finger2Nub" parent="cate R Finger22" />
        <boneparent bone="cate R Finger3" parent="cate R Hand" />
        <boneparent bone="cate R Finger31" parent="cate R Finger3" />
        <boneparent bone="cate R Finger32" parent="cate R Finger31" />
        <boneparent bone="cate R Finger3Nub" parent="cate R Finger32" />
        <boneparent bone="cate R Finger4" parent="cate R Hand" />
        <boneparent bone="cate R Finger41" parent="cate R Finger4" />
        <boneparent bone="cate R Finger42" parent="cate R Finger41" />
        <boneparent bone="cate R Finger4Nub" parent="cate R Finger42" />
        <boneparent bone="cate R ForeTwist" parent="cate R UpperArm" />
        <boneparent bone="cate R ForeTwist1" parent="cate R ForeTwist" />
        <boneparent bone="cate R ForeTwist2" parent="cate R ForeTwist1" />
        <boneparent bone="cate RUpArmTwist" parent="cate R Clavicle" />
        <boneparent bone="cate RUpArmTwist1" parent="cate RUpArmTwist" />
        <boneparent bone="cate RUpArmTwist2" parent="cate RUpArmTwist1" />
        <boneparent bone="cate L Thigh" parent="cate Spine" />
        <boneparent bone="cate L Calf" parent="cate L Thigh" />
        <boneparent bone="cate L Foot" parent="cate L Calf" />
        <boneparent bone="cate L Toe0" parent="cate L Foot" />
        <boneparent bone="cate L Toe0Nub" parent="cate L Toe0" />
        <boneparent bone="cate LCalfTwist" parent="cate L Thigh" />
        <boneparent bone="cate LCalfTwist1" parent="cate LCalfTwist" />
        <boneparent bone="cate R Thigh" parent="cate Spine" />
        <boneparent bone="cate R Calf" parent="cate R Thigh" />
        <boneparent bone="cate R Foot" parent="cate R Calf" />
        <boneparent bone="cate R Toe0" parent="cate R Foot" />
        <boneparent bone="cate R Toe0Nub" parent="cate R Toe0" />
        <boneparent bone="cate RCalfTwist" parent="cate R Thigh" />
        <boneparent bone="cate RCalfTwist1" parent="cate RCalfTwist" />
        <boneparent bone="cate RThighTwist" parent="cate Spine" />
        <boneparent bone="cate RThighTwist1" parent="cate RThighTwist" />
        <boneparent bone="cate LThighTwist" parent="cate Spine" />
        <boneparent bone="cate LThighTwist1" parent="cate LThighTwist" />
    </bonehierarchy>
    <animations />
</skeleton>
